1, Abilene_Chr 2, Academy_of_Art 3, Acadia 4, Adams_St 5, Adelphi 6, Adirondack_CC 7, Adrian 8, AFLBC 9, AIB_Col_Business 10, Air_Force 11, AK_Anchorage 12, AK_Fairbanks 13, Akron 14, Akron-Wayne 15, AL_Huntsville 16, AL_Southern 17, Alabama 18, Alabama_A&M 19, Alabama_St 20, Alameda 21, Albany_GA 22, Albany_NY 23, Albany_Pharmacy 24, Albany_Tech 25, Alberta 26, Albertus_Magnus 27, Albion 28, Albright 29, Alcorn_St 30, Ald-Broaddus 31, Alfred 32, Alfred_St 33, Algoma 34, Algonquin 35, Alice_Lloyd 36, Allan_Hancock 37, Allegany_MD 38, Allegheny 39, Allen 40, Allen_Co 41, Alma 42, Alpena_CC 43, Alvernia 44, American_Intl 45, American_River 46, American_Univ 47, Amherst 48, Ancilla 49, Anderson_IN 50, Anderson_SC 51, Andrews 52, Angelina 53, Angelo_St 54, Anna_Maria 55, Anne_Arundel 56, Anoka_Ramsey 57, Antelope_Valley 58, Appalachian_Bib 59, Appalachian_St 60, Apprentice 61, Aquinas 62, Arcadia 63, Arizona 64, Arizona_Chr 65, Arizona_St 66, Ark_Baptist 67, Ark_Little_Rock 68, Ark_Monticello 69, Ark_Pine_Bluff 70, Arkansas 71, Arkansas_St 72, Arkansas_Tech 73, Arkansas-FS 74, Arlington_Bap 75, Armstrong_Atl 76, Army 77, ASA 78, Asbury 79, Ashford 80, Ashland 81, Assumption 82, Atlanta_Metro 83, Atlantic_Cape_CC 84, Auburn 85, Auburn_M'gomery 86, Augsburg 87, Augusta 88, Augustana_AB 89, Augustana_IL 90, Augustana_SD 91, Aurora 92, Austin_Col 93, Austin_Peay 94, Ave_Maria 95, Averett 96, Avila 97, AZ_Western 98, Azusa_Pacific 99, Babson 100, Bacone 101, Baker_KS 102, Bakersfield_Col 103, Baldwin-Wallace 104, Ball_St 105, Baltimore_City_CC 106, Bap_Bible_MO 107, Bap_Bible_PA 108, Barber-Scotia 109, Barclay 110, Bard 111, Barry 112, Barstow_CC 113, Barton 114, Barton_Co 115, Baruch 116, Bates 117, Baton_Rouge_CC 118, Baylor 119, Becker 120, Belhaven_MS 121, Bellarmine 122, Bellevue 123, Bellevue_CC 124, Belmont 125, Belmont_Abbey 126, Beloit 127, Bemidji_St 128, Benedict 129, Benedictine_IL 130, Benedictine_KS 131, Benedictine-Spfld 132, Bentley 133, Berea 134, Bergen_CC 135, Berkeley_NYC 136, Berry 137, Bethany_KS 138, Bethany_Luth 139, Bethany_WV 140, Bethel_IN 141, Bethel_KS 142, Bethel_MN 143, Bethel_TN 144, Bethesda 145, Bethune-Cookman 146, Big_Bend_CC 147, Binghamton 148, Biola 149, Birmingham_So 150, Bishop_St 151, Bishop's 152, Bismarck_St 153, Black_Hawk-E 154, Black_Hawk-M 155, Black_Hills_St 156, Blackburn 157, Blinn 158, Bloomfield 159, Bloomsburg 160, Blue_Mountain_CC 161, Blue_Mtn 162, Bluefield_VA 163, Bluefield_WV 164, Bluffton 165, Bob_Jones 166, Boise_St 167, Bor_Manhattan 168, Bossier_Parish 169, Boston_College 170, Boston_Univ 171, Bowdoin 172, Bowie_St 173, Bowling_Green 174, Boyce 175, Bradley 176, Brandeis 177, Brandon 178, Brescia 179, Brevard 180, Brewton-Parker 181, Briar_Cliff 182, Bridgeport 183, Bridgewater_MA 184, Bridgewater_VA 185, Briercrest 186, Bristol 187, Bristol_CC 188, Brit_Columbia 189, Brock 190, Brockport_St 191, Bronx_CC 192, Brookdale_CC 193, Brookhaven 194, Brooklyn_Col 195, Broome_CC 196, Broward_CC 197, Brown 198, Brown_Mackie 199, Brunswick_CC 200, Bryan 201, Bryant 202, Bryant_&_Stratton 203, Bryn_Athyn 204, Bucknell 205, Bucks_Co_CC 206, Buena_Vista 207, Buffalo 208, Buffalo_St 209, Bunker_Hill_CC 210, Burlington_Co 211, Butler 212, Butler_Co-KS 213, Butler_Co-PA 214, Butte_Col 215, BYU 216, BYU_Hawaii 217, C_Arizona 218, C_Chr_Bible 219, C_Maine_Tech 220, C_Michigan 221, C_Missouri 222, C_Oklahoma 223, C_Washington 224, Cabrillo 225, Cabrini 226, Cairn 227, Cal_Baptist 228, Cal_Lutheran 229, Cal_Maritime 230, Cal_Poly_SLO 231, Cal_St-LA 232, Caldwell 233, Caldwell_CC_Tech 234, Calgary 235, California 236, California_PA 237, Caltech 238, Calumet-St_Jos 239, Calvary_Bib 240, Calvin 241, Cambrian 242, Camden_Co 243, Cameron 244, Camosun 245, Campbell 246, Campbellsville 247, Canada_Col 248, Canadian_Menn 249, Canadore 250, Canisius 251, Cape_Breton 252, Cape_Fear_CC 253, Capilano 254, Capital 255, Card_Stritch 256, Carl_Albert 257, Carl_Sandburg 258, Carleton_MN 259, Carleton_ON 260, Carlow 261, Carnegie_Mellon 262, Carroll_MT 263, Carroll_WI 264, Carson-Newman 265, Carthage 266, Carver_Bib 267, Case_Western 268, Casper_College 269, Castleton 270, Catawba 271, Catawba_Val 272, Catholic 273, Cayuga_CC 274, Cazenovia 275, CC_Allegheny-A 276, CC_Allegheny-B 277, CC_of_RI 278, CCBC_Catonsville 279, CCBC-Dundalk 280, Cecil_Col 281, Cedar_Valley 282, Cedarville 283, Cent_Arkansas 284, Cent_Carolina_CC 285, Cent_CC-Columbus 286, Cent_Georgia_Tech 287, Cent_Methodist 288, Cent_Wyoming 289, Centenary 290, Centenary_NJ 291, Centennial_Col 292, Central_Bap 293, Central_Chr 294, Central_Conn 295, Central_IA 296, Central_Lakes 297, Central_Penn 298, Central_St_OH 299, Centralia_Col 300, Centre 301, Cerritos_Col 302, Chabot 303, Chadron_St 304, Chaffey 305, Chaminade 306, Champion_Bap 307, Chand-Gilbert 308, Chapman 309, Charleston_So 310, Charleston_WV 311, Charlotte 312, Chatt_St_Tech 313, Chattahoochee_Tech 314, Chattahoochee_Val 315, Chattanooga 316, Chemekata_CC 317, Chesapeake 318, Chestnut_Hill 319, Cheyney_St 320, Chicago 321, Chicago_St 322, Chipola 323, Chowan 324, Chr_Brothers 325, Chris_Newport 326, Christendom 327, Cin_Clermont 328, Cincinnati 329, Cincinnati_Chr 330, Cincinnati_St_Tech 331, Citadel 332, Citrus_Col 333, City_Col_NY 334, City_Col_San_Fran 335, Clackamas_CC 336, Claflin 337, Claremont_M.S. 338, Clarendon 339, Clarion 340, Clark_Atlanta 341, Clark_CC 342, Clark_MA 343, Clark_St 344, Clarke 345, Clarkson 346, Clayton_St 347, Clearwater_Chr 348, Clemson 349, Cleveland_St 350, Cleveland_St_CC 351, Clinton_CC_(NY) 352, Clinton_JC 353, Cloud_Co 354, Co_Col_Morris 355, Coahoma_CC 356, Coast_Guard 357, Coastal_Bend_College 358, Coastal_Car 359, Coastal_GA 360, Cochise 361, Coe 362, Coffeyville_CC 363, Coker 364, Col_Cent_Florida 365, Col_Charleston 366, Col_of_Dupage 367, Col_of_Idaho 368, Col_of_the_Canyons 369, Col_of_the_Desert 370, Col_of_the_Redwoods 371, Col_of_the_Sequoias 372, Col_Ozarks 373, Col_Springs 374, Colby 375, Colby_CC 376, Colby-Sawyer 377, Colgate 378, College_of_Faith 379, College_of_NJ 380, Collin_Co 381, Colorado 382, Colorado_Chr 383, Colorado_Col 384, Colorado_Mines 385, Colorado_NW 386, Colorado_St 387, Columbia 388, Columbia_Basin 389, Columbia_Bib 390, Columbia_CC 391, Columbia_Greene 392, Columbia_Intl 393, Columbia_MO 394, Columbia_St 395, Columbus_St 396, Columbus_St_CC 397, Concord 398, Concordia_AB 399, Concordia_AL 400, Concordia_CA 401, Concordia_IL 402, Concordia_Mhd 403, Concordia_MI 404, Concordia_MO 405, Concordia_NE 406, Concordia_NY 407, Concordia_OR 408, Concordia_QC 409, Concordia_SP 410, Concordia_TX 411, Concordia_WI 412, Connecticut 413, Connors_St 414, Contra_Costa 415, Copiah-Lincoln 416, Coppin_St 417, Corban 418, Cornell 419, Cornell_IA 420, Cornerstone 421, Corning_CC 422, Cortland_St 423, Cosumnes_River 424, Covenant 425, Cowley_Co 426, Crandall 427, Creighton 428, Crossroads 429, Crowley's_Ridge 430, Crown_MN 431, Crown_TN 432, CS_Bakersfield 433, CS_Chico 434, CS_Dom._Hills 435, CS_Fullerton 436, CS_Monterey_Bay 437, CS_Northridge 438, CS_Poly_Pomona 439, CS_Sacramento 440, CS_San_Bern. 441, CS_San_Marcos 442, CS_Stanislaus 443, CSU_East_Bay 444, CSU-Pueblo 445, CT_College 446, Cuesta 447, Culinary_Inst 448, Culver-Stockton 449, Cumberland_Co 450, Cumberland_TN 451, Cumberlands_KY 452, Curry 453, Cuyahoga_CC 454, Cuyamaca 455, CW_Post 456, Cypress 457, D'Youville 458, Daemen 459, Dakota_Co_Tech 460, Dakota_St 461, Dakota_Wesleyan 462, Dakota-Bottineau 463, Daley 464, Dalhousie 465, Dallas_Bap 466, Dallas_Chr 467, Dallas_Univ 468, Dalton_St 469, Daniel_Webster 470, Danville_CC 471, Dartmouth 472, Darton 473, Davenport 474, Davidson 475, Davidson_Co_CC 476, Davis 477, Davis_&_Elkins 478, Dawson 479, Dawson_CC 480, Dayton 481, Daytona_St 482, De_Anza_Col 483, DE_Tech_CC 484, Dean 485, Defiance 486, Delaware 487, Delaware_Co_CC 488, Delaware_St 489, Delaware_Val 490, Delgado_CC 491, Delta_Col 492, Delta_St 493, Denison 494, Denmark_Tech 495, Denver 496, DePaul 497, DePauw 498, Des_Moines_CC 499, DeSales 500, Detroit 501, Diablo_Val 502, Dickinson 503, Dickinson_St_ND 504, Dillard 505, Dist_Columbia 506, Dixie_St 507, Doane 508, Dodge_City_CC 509, Dominican_CA 510, Dominican_IL 511, Dominican_NY 512, Dordt 513, Douglas 514, Dowling 515, Drake 516, Drew 517, Drexel 518, Drury 519, Dubuque 520, Duke 521, Duquesne 522, Durham 523, Dutchess_CC 524, Dyersburg_St 525, E_Connecticut 526, E_Florida_St 527, E_Illinois 528, E_Kentucky 529, E_Maine_Tech 530, E_Mennonite 531, E_Michigan 532, E_Mississippi_CC 533, E_Nazarene 534, E_New_Mexico 535, E_Stroudsburg 536, E_Texas_Bap 537, E_Washington 538, Earlham 539, East_Carolina 540, East_Central_CC 541, East_Central_OK 542, East_Georgia_Col 543, East_LA_Col 544, Eastern_Arizona 545, Eastern_OK_St 546, Eastern_Oregon 547, Eastern_Univ 548, Eastern_Utah 549, Eastern_Wyoming 550, Eastfield_Col 551, Ecclesia 552, Eckerd 553, Ed_Montpetit 554, Edgewood 555, Edinboro 556, Edison_CC 557, Edmonds_CC 558, Edward_Waters 559, Edwardsville 560, El_Camino_Col 561, El_Camino-Compton 562, El_Centro 563, Elgin_CC 564, Eliz._City_St 565, Elizabethtown 566, Ellsworth_CC 567, Elmhurst 568, Elmira 569, Elms 570, Elon 571, Embry-Riddle_FL 572, Emerson 573, Emmanuel_GA 574, Emmanuel_MA 575, Emmaus_Bib 576, Emory 577, Emory_&_Henry 578, Emporia_St 579, Endicott 580, Enterprise_St 581, Erie_CC 582, Erskine 583, Essex_CC 584, ETSU 585, Eureka 586, Evangel 587, Evansville 588, Everett_CC 589, Evergreen_St 590, F_Dickinson 591, Fairfield 592, Fairmont_St 593, Faith_Bap 594, Fanshawe 595, Farmingdale 596, Faulkner 597, Faulkner_St 598, Fayetteville_St 599, FDU_Madison 600, Feather_River 601, Felician 602, Ferris_St 603, Ferrum 604, Findlay 605, Finger_Lakes_CC 606, Finlandia 607, Fisher 608, Fisk 609, Fitchburg_St 610, FL_Atlantic 611, FL_Gulf_Coast 612, FL_Memorial 613, FL_Southern 614, Flagler 615, Fleming 616, Florida 617, Florida_A&M 618, Florida_Col 619, Florida_Intl 620, Florida_National 621, Florida_St 622, Florida_St-Jax 623, Florida_Tech 624, Fond_du_Lac_T&CC 625, Fontbonne 626, Foothill_Col 627, Fordham 628, Fort_Hays_St 629, Fort_Scott_CC 630, Fort_Valley_St 631, Fox_Valley_Tech 632, Framingham_St 633, Francis_Marion 634, Franciscan_OH 635, Frank_&_Marsh 636, Frank_Phillips 637, Franklin_IN 638, Franklin_Pierce 639, Fraser_Val 640, Frederick_CC 641, Freed-Hardeman 642, Fresno_City_Col 643, Fresno_Pacific 644, Fresno_St 645, Friends 646, Frostburg_St 647, Ft_Lewis 648, Fullerton_Col 649, Fulton-Mont 650, Furman 651, G_Washington 652, GA_Perimeter 653, Ga_Southern 654, Gadsden_St_CC 655, Gallaudet 656, Gannon 657, Garden_City_CC 658, Gardner_Webb 659, Garrett 660, Gateway_CC 661, Gavilan 662, Genesee_CC 663, Geneseo_St 664, Geneva 665, George_Brown 666, George_Fox 667, George_Mason 668, Georgetown 669, Georgetown_KY 670, Georgia 671, Georgia_C&S 672, Georgia_Highlands 673, Georgia_NW_Tech 674, Georgia_St 675, Georgia_SW 676, Georgia_Tech 677, Georgian 678, Georgian_Court 679, Gettysburg 680, Gillette 681, Glen_Oaks_CC 682, Glendale_AZ 683, Glendale_CA 684, Glenville_St 685, Globe_Tech 686, Gloucester_Co 687, Gogebic_CC 688, Goldey_Beacom 689, Gonzaga 690, Gordon 691, Gordon_GA 692, Goshen 693, Goucher 694, Grace_Bib 695, Grace_IN 696, Grace_NE 697, Graceland 698, Grambling 699, Grand_Canyon 700, Grand_Rapids_CC 701, Grand_Valley_St 702, Grande_Prairie 703, Grandview 704, Grant_MacEwan 705, Grays_Harbor 706, Great_Lakes_Chr 707, Green_Mtn 708, Green_River_CC 709, Greensboro 710, Greenville 711, Grinnell 712, Grossmont 713, Grove_City 714, Guelph 715, Guilford 716, Guilford_Tech_CC 717, Gulf_Coast_CC 718, Gust_Adolphus 719, Gwynedd-Mercy 720, Hagerstown_CC 721, Hamilton 722, Hamline 723, Hampden-Sydney 724, Hampshire 725, Hampton 726, Hannibal-Lagr 727, Hanover 728, Harcum_Col 729, Hardin-Simmons 730, Harding 731, Harford_CC 732, Harper 733, Harris-Stowe 734, Harrisburg_Area_CC 735, Hartford 736, Hartnell 737, Hartwick 738, Harvard 739, Haskell 740, Hastings 741, Haverford 742, Hawaii 743, Hawaii_Hilo 744, Hawaii_Pacific 745, Heidelberg 746, Henderson_St 747, Hendrix 748, Henry_Ford_CC 749, Herkimer_Co 750, Hesston 751, Hibbing_CC 752, High_Point 753, Highland_CC_IL 754, Highland_CC_KS 755, Highline_CC 756, Hilbert 757, Hill_Col 758, Hillsborough_CC 759, Hillsdale 760, Hillsdale_Bap 761, Hinds_CC 762, Hiram 763, Hiwassee 764, Hobart-Smith 765, Hofstra 766, Holland 767, Holmes_CC 768, Holy_Cross 769, Holy_Cross_IN 770, Holy_Family 771, Holy_Names 772, Holyoke_CC 773, Hood 774, Hope 775, Hope_Intl 776, Hostos_CC 777, Houghton 778, Houston 779, Houston_Bap 780, Howard 781, Howard_CC 782, Howard_Col 783, Howard_Payne 784, Hudson_Val 785, Humber 786, Humboldt_St 787, Hunter 788, Huntingdon 789, Huntington 790, Husson 791, Huston-Tillot 792, Hutchinson_CC 793, Idaho 794, Idaho_St 795, IL_Central 796, IL_Chicago 797, IL_Springfield 798, IL_Tech 799, IL_Wesleyan 800, Illinois 801, Illinois_Col 802, Illinois_St 803, Illinois_Val 804, Immaculata 805, Imperial_Val 806, IN_S_Bend 807, IN_Southeast 808, IN_Wesleyan 809, Incarnate_Word 810, Independence_CC 811, Indian_Hills_CC 812, Indian_River 813, Indiana 814, Indiana_Dabney 815, Indiana_NW 816, Indiana_PA 817, Indiana_St 818, Indiana_Tech 819, Indiana-East 820, Indianapolis 821, Iona 822, Iowa 823, Iowa_Cent 824, Iowa_Lakes_CC 825, Iowa_St 826, Iowa_Wesleyan 827, Iowa_Western_CC 828, IPFW 829, Irvine_Valley 830, Itasca_CC 831, Itawamba_CC 832, Ithaca 833, IU_Kokomo 834, IUPUI 835, J&W_CO 836, J&W_FL 837, J&W_NC 838, J&W_RI 839, Jackson_CC 840, Jackson_St 841, Jackson_St_CC 842, Jacksonville 843, Jacksonville_Col 844, Jacksonville_St 845, James_Madison 846, Jamestown 847, Jamestown_CC 848, Jamestown-Cat 849, Jarvis_Chr 850, JC_Smith 851, Jefferson_CC 852, Jefferson_Davis 853, John_Abbott 854, John_Brown 855, John_Carroll 856, John_Jay 857, John_Logan 858, John_Wood_CC 859, Johns_Hopkins 860, Johnson_CC 861, Johnson_Co 862, Johnson_FL 863, Johnson_St 864, Johnson_TN 865, Joliet_JC 866, Jones_Co_CC 867, Judson_IL 868, Juniata 869, Kalamazoo 870, Kalamazoo_Val 871, Kankakee_CC 872, Kansas 873, Kansas_City_KS 874, Kansas_St 875, Kaskaskia 876, Kean 877, Keene_St 878, Kellogg_CC 879, Kennedy-King 880, Kennesaw 881, Kent 882, Kentucky 883, Kentucky_Chr 884, Kentucky_St 885, Kenyon 886, Keuka 887, Keyano 888, Keystone 889, Kilgore 890, King_TN 891, King's_AB 892, King's_NS 893, King's_NY 894, King's_PA 895, Kingsborough 896, Kirkwood_CC 897, Kishwaukee_CC 898, Knox 899, KS_Wesleyan 900, Kutztown 901, Kuyper 902, Kwantlen 903, KY_Wesleyan 904, La_Cite 905, LA_Harbor 906, LA_Pierce 907, La_Roche 908, La_Salle 909, La_Sierra 910, LA_Southwest 911, LA_Trade-Tech 912, LA_Valley_Col 913, La_Verne 914, Labette_CC 915, Lackawanna 916, Lafayette 917, LaGrange 918, LaGuardia_CC 919, Lake_Co 920, Lake_Erie 921, Lake_Forest 922, Lake_Land_IL 923, Lake_Michigan 924, Lake_Region 925, Lake_Superior 926, Lakehead 927, Lakeland 928, Lakeland_AB 929, Lakeland_CC 930, Lamar 931, Lamar_CC 932, Lamar_St 933, Lambton 934, Lancaster_Bib 935, Lander 936, Lane 937, Lane_CC 938, Langara 939, Langston 940, Lansing_CC 941, Laramie_Co 942, Las_Positas 943, Lasell 944, Lassen 945, Laurentian 946, Laurier 947, Laval 948, Lawrence 949, Lawrence_Tech 950, Lawson_St 951, Le_Moyne 952, Le_Tourneau 953, Lebanon_Val 954, Lee_TN 955, Lee_TX 956, Lee-McRae 957, Lehigh 958, Lehigh_Carbon 959, Lehman 960, LeMoyne-Owen 961, Lenoir_CC 962, Lenoir_Rhyne 963, Lesley 964, Lethbridge_Col 965, Lewis 966, Lewis_&_Clark 967, Lewis_&_Clark_CC 968, Lewis-Clark_ID 969, Liberty 970, Life 971, Limestone 972, Lincoln_Chr 973, Lincoln_Col 974, Lincoln_Col_of_NE 975, Lincoln_Land 976, Lincoln_Mem 977, Lincoln_MO 978, Lincoln_PA 979, Lincoln_Trail 980, Lindenwood 981, Lindenwood-Belleville 982, Lindsey_Wilson 983, Linfield 984, Linn-Benton_CC 985, Lipscomb 986, Little_Big_Horn 987, Livingstone 988, Lock_Haven 989, Lone_Star_CC 990, Long_Beach_City_Col 991, Long_Beach_St 992, Long_Island 993, Longwood 994, Lorain_Co_CC 995, Loras 996, Los_Medanos 997, Louisburg 998, Louisiana_Col 999, Louisiana_Tech 1000, Louisville 1001, Lourdes 1002, Lower_Columbia 1003, Loy_Marymount 1004, Loyalist 1005, Loyola_MD 1006, Loyola_NO 1007, Loyola-Chicago 1008, LSU 1009, LSU_Shreveport 1010, LSU-Alexandria 1011, Lubbock_Chr 1012, Lurleen_Wallace 1013, Luther_IA 1014, Luther_MN 1015, Luzerne_Co_CC 1016, Lycoming 1017, Lynchburg 1018, Lyndon_St 1019, Lynn 1020, Lyon 1021, M_Hardin-Baylor 1022, MA_Boston 1023, MA_Dartmouth 1024, MA_Liberal_Arts 1025, MA_Lowell 1026, Macalester 1027, MacMurray 1028, Macomb_CC 1029, Madison_Col 1030, Madonna 1031, Maine 1032, Malcolm_X 1033, Malone 1034, Manchester 1035, Manhattan 1036, Manhattan_Chr 1037, Manhattanville 1038, Manitoba 1039, Manor 1040, Mansfield 1041, Maranatha_Bap 1042, Marian_IN 1043, Marian_WI 1044, Marietta 1045, Marin_CC 1046, Marion_Mil 1047, Marist 1048, Marquette 1049, Mars_Hill 1050, Marshall 1051, Marshalltown_CC 1052, Martin_Meth 1053, Mary_ND 1054, Mary_Washington 1055, Marygrove 1056, Maryland 1057, Marymount_VA 1058, Maryville_MO 1059, Maryville_TN 1060, Marywood 1061, Mass_Bay_CC 1062, Massachusetts 1063, Massasoit_CC 1064, Mayville_St 1065, McCook_CC 1066, McDaniel_Col 1067, McGill 1068, McHenry_Co 1069, McKendree 1070, McLennan_CC 1071, McMaster 1072, McMurry 1073, McNeese_St 1074, McPherson 1075, MD_Bible 1076, MD_E_Shore 1077, ME_Augusta 1078, ME_Farmington 1079, ME_Ft_Kent 1080, ME_Machias 1081, ME_Maritime 1082, ME_Presque_Isle 1083, Medaille 1084, Medgar_Evers 1085, Medicine_Hat 1086, Memorial 1087, Memphis 1088, Mendocino 1089, Menlo 1090, Merced_Col 1091, Mercer 1092, Mercer_Co 1093, Merchant_Marine 1094, Mercy 1095, Mercyhurst 1096, Mercyhurst_NE 1097, Meridian_CC 1098, Merrimack 1099, Merritt 1100, Mesa_CC 1101, Mesa_St 1102, Mesabi_Range 1103, Messiah 1104, Methodist 1105, Metro_St 1106, MI_Dearborn 1107, Mia-Middletown 1108, Miami_FL 1109, Miami_OH 1110, Miami-Dade 1111, Miami-Hamilton 1112, Michigan 1113, Michigan_St 1114, Michigan_Tech 1115, Mid_Am_Nazarene 1116, Mid_Georgia 1117, Mid-Am_Chr 1118, Mid-Atlantic_Chr 1119, Mid-Michigan_CC 1120, Mid-South_CC 1121, Middlebury 1122, Middlesex_Co 1123, Midland 1124, Midland 1125, Midwest_TX_St 1126, Miles 1127, Miles_CC 1128, Millersville 1129, Milligan 1130, Millikin 1131, Millsaps 1132, Milwaukee_Eng 1133, Milwaukee_Tech 1134, Mineral_Area 1135, Minnesota 1136, Minot_St 1137, MiraCosta 1138, Miramar 1139, Misericordia 1140, Mississippi 1141, Mississippi_Col 1142, Mississippi_St 1143, Missouri 1144, Missouri_KC 1145, Missouri_S&T 1146, Missouri_St 1147, Missouri_Val 1148, MIT 1149, Mitchell 1150, MN_Crookston 1151, MN_Duluth 1152, MN_Mankato 1153, MN_Morris 1154, MN_St_CTC 1155, MN_West_C&T 1156, MO_Baptist 1157, MO_Southern 1158, MO_St_Louis 1159, MO_Western 1160, Moberly_Area 1161, Mobile 1162, Modesto_JC 1163, Mohawk 1164, Mohawk_Val 1165, Molloy 1166, Monmouth_IL 1167, Monmouth_NJ 1168, Monroe 1169, Monroe_CC 1170, Montana 1171, Montana_St 1172, Montclair_St 1173, Monterey_Peninsula 1174, Montevallo 1175, Montgomery_Co_CC 1176, Montgomery-R 1177, Montmorency 1178, Montreat_And 1179, Moody_Bib 1180, Moorhead_St 1181, Moorpark 1182, Moraine_Val 1183, Moravian 1184, Morehead_St 1185, Morehouse 1186, Morgan_St 1187, Morningside 1188, Morris_SC 1189, Morrisville_St 1190, Morthland 1191, Morton 1192, Motlow_St 1193, Mott_CC 1194, MS_Delta 1195, MS_Gulf_Coast 1196, MS_Valley_St 1197, MS_Vincent_NS 1198, Mt_Allison 1199, Mt_Aloysius 1200, Mt_Hood_CC 1201, Mt_Ida 1202, Mt_Marty 1203, Mt_Mercy 1204, Mt_Olive 1205, Mt_Royal 1206, Mt_San_Antonio 1207, Mt_San_Jacinto 1208, Mt_St_Joseph 1209, Mt_St_Mary_NY 1210, Mt_St_Mary's 1211, MT_St_Northern 1212, Mt_St_Vincent 1213, MT_St-Billings 1214, MT_Tech 1215, Mt_Union 1216, Mt_Vernon_Naz 1217, MT_Western 1218, MT-Great_Falls 1219, Mtn_View 1220, MTSU 1221, Muhlenberg 1222, Multnomah_Bib 1223, Murray_St 1224, Murray_St_CC 1225, Muskegon_CC 1226, Muskingum 1227, N_Alberta_Tech 1228, N_Arkansas 1229, N_Central_IL 1230, N_Central_MN 1231, N_Central_MO 1232, N_Colorado 1233, N_Country_CC 1234, N_Dakota_St 1235, N_England_Col 1236, N_Essex_CC 1237, N_Illinois 1238, N_Iowa_CC 1239, N_Kentucky 1240, N_Maine_Tech 1241, N_Michigan 1242, N_New_Mexico 1243, N_OK-Enid 1244, N_OK-Tonkawa 1245, Napa_Valley_CC 1246, Nassau_CC 1247, Navarro 1248, Navy 1249, Nazareth 1250, NB-St_John 1251, NC_A&T 1252, NC_Central 1253, NC_Pembroke 1254, NC_State 1255, NC_Wesleyan 1256, ND_St_Science 1257, NE_Kearney 1258, NE_MS_CC 1259, NE_OK_A&M 1260, NE_Oklahoma 1261, NE_Omaha 1262, NE_Wesleyan 1263, Nebraska 1264, Neosho_Co 1265, Neumann 1266, Nevada 1267, New_Brunswick 1268, New_Hampshire 1269, New_Haven 1270, New_Hope_Chr 1271, New_Mexico 1272, New_Mexico_JC 1273, New_Mexico_St 1274, New_Orleans 1275, Newberry 1276, Newbury 1277, Newman 1278, NH_Tech 1279, Niagara 1280, Niagara_Co 1281, Niagara_ON 1282, Nicholls_St 1283, Nichols 1284, Nipissing 1285, NJ_City 1286, NJIT 1287, NM_Highlands 1288, NM_Military 1289, Norfolk_St 1290, North_Alabama 1291, North_Carolina 1292, North_Dakota 1293, North_Florida 1294, North_Georgia 1295, North_Greenville 1296, North_Idaho 1297, North_Lake 1298, North_Park 1299, North_Platte_CC 1300, North_Texas 1301, Northampton_CC 1302, Northeast_CC 1303, Northeastern 1304, Northeastern_JC 1305, Northern_Arizona 1306, Northern_BC 1307, Northern_Iowa 1308, Northern_St_SD 1309, Northern_Virginia_CC 1310, Northland 1311, Northland_CTC 1312, Northland_Intl 1313, Northwest_Chr 1314, Northwest_Indian 1315, Northwest_KS_Tech 1316, Northwest_WA 1317, Northwest_WY 1318, Northwestern 1319, Northwestern_IA 1320, Northwestern_LA 1321, Northwestern_MN 1322, Northwestern_OH 1323, Northwood_FL 1324, Northwood_MI 1325, Norwich 1326, Notre_Dame 1327, Notre_Dame_CA 1328, Notre_Dame_OH 1329, Nova_SE 1330, NW_Florida_St 1331, NW_Mississippi 1332, NW_Missouri 1333, NW_Nazarene 1334, NW_Oklahoma_St 1335, NY_Maritime 1336, Nyack 1337, NYIT 1338, NYU 1339, Oakland 1340, Oakland_CC 1341, Oakland_City 1342, Oakton_CC 1343, Oakwood 1344, Oberlin 1345, Occidental 1346, Ocean_Co 1347, Odessa 1348, Oglala-Lakota 1349, Oglethorpe 1350, OH_Chillicothe 1351, OH_Dominican 1352, OH_Lancaster 1353, OH_St-Lima 1354, OH_St-Mansfield 1355, OH_St-Newark 1356, OH_Zanesville 1357, Ohio 1358, Ohio_Chr 1359, Ohio_Eastern 1360, Ohio_Mid-Western 1361, Ohio_Northern 1362, Ohio_St 1363, Ohio_Valley 1364, Ohio_Wesleyan 1365, Ohlone 1366, OK_Baptist 1367, OK_City 1368, OK_Wesleyan 1369, Okanagan 1370, Oklahoma 1371, Oklahoma_Chr 1372, Oklahoma_S&A 1373, Oklahoma_St 1374, Old_Dominion 1375, Old_Westbury 1376, Olds 1377, Olive-Harvey 1378, Olivet_MI 1379, Olivet_Naz 1380, Olney 1381, Olympic 1382, Onondaga_CC 1383, Oral_Roberts 1384, Orange_Co 1385, Orange_Coast 1386, Oregon 1387, Oregon_St 1388, Oregon_Tech 1389, Oswego_St 1390, Otero_JC 1391, Ottawa_KS 1392, Ottawa_ON 1393, Otterbein 1394, Ouachita 1395, Our_Lady_Lake 1396, Owens_CC 1397, Oxford_of_Emory 1398, Oxnard 1399, Ozark_Chr 1400, PA_Highlands_CC 1401, Pac_Lutheran 1402, Pace 1403, Pacific 1404, Pacific_OR 1405, Pacific_Union 1406, Paine 1407, Palm_Beach_Atl 1408, Palm_Beach_St 1409, Palomar_Col 1410, Panhandle_St 1411, Panola 1412, Paris_JC 1413, Park 1414, Parkland 1415, Pasadena_City_Col 1416, Pasco-Hernando 1417, Passaic_Co 1418, Patrick_Henry_CC 1419, Paul_Quinn 1420, Peace 1421, Pearl_River_CC 1422, Peninsula 1423, Penn 1424, Penn_St 1425, Penn_Tech 1426, Penn_Valley_CC 1427, Pensacola_Chr 1428, Pensacola_St 1429, Pepperdine 1430, Permian_Basin 1431, Peru_St 1432, Pfeiffer 1433, Philadelphia 1434, Philadelphia_CC 1435, Philander_Smith 1436, Phoenix_Col 1437, Piedmont 1438, Piedmont_Bap 1439, Pierce_CC 1440, Pikeville 1441, Pima_CC 1442, Pine_Manor 1443, Pitt_CC 1444, Pitt-Bradford 1445, Pitt-Greensburg 1446, Pitt-Johnstown 1447, Pitt-Titusville 1448, Pittsburg_St 1449, Pittsburgh 1450, Plattsburgh_St 1451, Plymouth_St 1452, Point 1453, Point_Loma 1454, Point_Park 1455, Polk_CC 1456, Pomona_Pitzer 1457, Porterville 1458, Portland 1459, Portland_Bible 1460, Portland_CC 1461, Portland_St 1462, Post 1463, Potomac_St-WVU 1464, PR_Bayamon 1465, PR_Mayaguez 1466, PR_Rio_Piedras 1467, Prairie_St 1468, Prairie_View 1469, Pratt_CC 1470, Pratt_Inst 1471, Presbyterian 1472, Presentation 1473, Prince_George's 1474, Princeton 1475, Principia 1476, Providence 1477, Providence_MB 1478, PSU_Mont_Alto 1479, PSU_Wilkes-Barre 1480, PSU_Worth_Scranton 1481, PSU_York 1482, PSU-Abington 1483, PSU-Altoona 1484, PSU-Beaver 1485, PSU-Behrend 1486, PSU-Berks 1487, PSU-Brandywine 1488, PSU-DuBois 1489, PSU-Fayette 1490, PSU-Gtr_Allegheny 1491, PSU-Harrisburg 1492, PSU-Hazleton 1493, PSU-Lehigh_Val 1494, PSU-New_Kens 1495, PSU-Schuylkill 1496, Puget_Sound 1497, Purchase 1498, Purdue 1499, Purdue_Calumet 1500, Purdue-N_Cent 1501, Queen's_ON 1502, Queens_NC 1503, Queens_NY 1504, Queensborough 1505, Quest 1506, Quincy 1507, Quinnipiac 1508, Quinsigamond 1509, R_Morris_Chi 1510, R_Morris_Spfd 1511, R_Morris-Peoria 1512, R_Stockton 1513, Radford 1514, Rainy_River_CC 1515, Ramapo 1516, Randolph_Col 1517, Randolph_Macon 1518, Ranger 1519, Raritan_Val 1520, Red_Deer 1521, Red_River_Col 1522, Redeemer 1523, Redlands 1524, Redlands_CC 1525, Reedley 1526, Regina 1527, Regis_CO 1528, Regis_MA 1529, Reinhardt 1530, Rend_Lake 1531, Rensselaer 1532, Rhema_Bib 1533, Rhode_Island 1534, Rhodes 1535, RI_College 1536, Rice 1537, Richard_Bland 1538, Richland 1539, Richmond 1540, Rider 1541, Ridgewater 1542, Rio_Grande 1543, Rio_Hondo 1544, Ripon 1545, Riverland_CC 1546, Riverside_CC 1547, Rivier 1548, Roane_St 1549, Roanoke 1550, Robert_Morris 1551, Roberts_Wslyn 1552, Rochester_C&T 1553, Rochester_MI 1554, Rochester_NY 1555, Rochester_Tech 1556, Rock_Valley 1557, Rockford 1558, Rockhurst 1559, Rockland_CC 1560, Rocky_Mtn 1561, Roger_Williams 1562, Rogers_St 1563, Rollins 1564, Roosevelt 1565, Rose-Hulman 1566, Rosemont 1567, Rowan 1568, Roxbury_CC 1569, Russell_Sage 1570, Rust 1571, Rutgers 1572, Rutgers-Camden 1573, Rutgers-Newark 1574, Ryerson 1575, S_Alberta_Tech 1576, S_Arkansas 1577, S_Carolina_St 1578, S_Connecticut 1579, S_Dakota_St 1580, S_Dakota_Tech 1581, S_Francisco_St 1582, S_Georgia_St 1583, S_Georgia_Tech 1584, S_Illinois 1585, S_Indiana 1586, S_Maine 1587, S_Maine_Tech 1588, S_New_Hampshire 1589, S_Puget_Sound_CC 1590, S_Suburban 1591, S_Union_St 1592, S_Vermont 1593, S_Virginia 1594, S_Wesleyan 1595, Sacramento_City 1596, Sacred_Heart 1597, Saddleback 1598, Saginaw_Val 1599, Sainte-Foy 1600, Salem_MA 1601, Salem_WV 1602, Salisbury_St 1603, Salt_Lake_CC 1604, Salve_Regina 1605, Sam_Houston_St 1606, Samford 1607, San_Bernardino_Val 1608, San_Diego 1609, San_Diego_Chr 1610, San_Diego_Mesa 1611, San_Diego_St 1612, San_Francisco 1613, San_Jacinto-C 1614, San_Joaquin_Delta 1615, San_Jose_City_Col 1616, San_Jose_St 1617, Sandhills_CC 1618, Santa_Ana_Col 1619, Santa_Barbara 1620, Santa_Barbara_City 1621, Santa_Clara 1622, Santa_Fe_CC 1623, Santa_Monica_Col 1624, Santa_Rosa_JC 1625, Sarah_Lawrence 1626, Saskatchewan 1627, Sauk_Valley_CC 1628, Sault 1629, Savannah_St 1630, SC_Aiken 1631, SC_Upstate 1632, Schenectady_Co 1633, Schoolcraft 1634, Schreiner 1635, Scottsdale_CC 1636, Scranton 1637, SD_City_Col 1638, SE_Illinois 1639, SE_Louisiana 1640, SE_Missouri_St 1641, SE_Oklahoma 1642, Seattle 1643, Seattle_Pacific 1644, Selma_AL 1645, Seminole_St 1646, Seneca 1647, Seton_Hall 1648, Seton_Hill 1649, Sewanee 1650, Seward_Co 1651, SF_Austin 1652, Shasta_Col 1653, Shaw_NC 1654, Shawnee_CC 1655, Shawnee_St 1656, Shelton_St 1657, Shenandoah 1658, Shepherd 1659, Sheridan_Col 1660, Sheridan_ON 1661, Shippensburg 1662, Shoreline_CC 1663, Shorter 1664, Siena 1665, Siena_Hts 1666, Sierra_Col 1667, Silver_Lake 1668, Simon_Fraser 1669, Simpson_CA 1670, Simpson_IA 1671, Sinclair_CC 1672, Sioux_Falls 1673, Siskiyous 1674, Skagit_Val_CC 1675, Skidmore 1676, Skyline 1677, Slippery_Rock 1678, SMU 1679, Snead_St 1680, Snow_Col 1681, So_Crescent_Tech 1682, Solano_CC 1683, Sonoma_St 1684, South_Alabama 1685, South_Carolina 1686, South_Dakota 1687, South_Florida 1688, South_Mtn 1689, South_Plains 1690, Southeast_CC 1691, Southeastern_CC 1692, Southeastern_FL 1693, Southern_Idaho 1694, Southern_MD 1695, Southern_Miss 1696, Southern_N.O. 1697, Southern_Nazarene 1698, Southern_Oregon 1699, Southern_St_CC 1700, Southern_Univ 1701, Southern_Utah 1702, Southern-Shreve 1703, Southside_VA_CC 1704, Southwestern_CA 1705, Southwestern_CC 1706, Southwestern_KS 1707, Spalding 1708, Spartanburg_Meth 1709, Spokane_CC 1710, Sprfld_Tech_CC 1711, Spring_Arbor 1712, Spring_Hill 1713, Springfield 1714, St_Ambrose 1715, St_Andrew's 1716, St_Anselm 1717, St_Augustine's 1718, St_Bonaventure 1719, St_Catharine 1720, St_Clair 1721, St_Clair_Co 1722, St_Cloud 1723, St_Cloud_Tech 1724, St_Edward's 1725, St_Fran_Xavier 1726, St_Francis_IL 1727, St_Francis_IN 1728, St_Francis_NY 1729, St_Francis_PA 1730, St_Gregory's 1731, St_John_Fisher 1732, St_John's 1733, St_John's_MN 1734, St_Joseph_VT 1735, St_Joseph's_IN 1736, St_Joseph's_LI 1737, St_Joseph's_ME 1738, St_Joseph's_NY 1739, St_Joseph's_PA 1740, St_Katherine 1741, St_Lambert 1742, St_Lawrence 1743, St_Lawrence_ON 1744, St_Leo 1745, St_Louis 1746, St_Louis_Chr 1747, St_Louis_Pharm 1748, St_Martin's 1749, St_Mary_KS 1750, St_Mary's_AB 1751, St_Mary's_CA 1752, St_Mary's_MD 1753, St_Mary's_MN 1754, St_Mary's_NS 1755, St_Mary's_TX 1756, St_Michael's 1757, St_Norbert 1758, St_Olaf 1759, St_Peter's 1760, St_Petersburg 1761, St_Rose 1762, St_Scholastica 1763, St_Thomas_FL 1764, St_Thomas_MN 1765, St_Thomas_NB 1766, St_Thomas_TX 1767, St_Vincent 1768, St_Xavier_IL 1769, Stanford 1770, State_Col_Fla 1771, State_Fair_CC 1772, Staten_Island 1773, Sterling 1774, Stetson 1775, Stevens_Tech 1776, Stevens_Tech_PA 1777, Stevenson 1778, Stillman 1779, StL_CC-Meramec 1780, Stonehill 1781, Stony_Brook 1782, Suffolk 1783, Suffolk_Co-Selden 1784, Sul_Ross 1785, Sullivan_Co 1786, SUNY_Canton 1787, SUNY_Fredonia 1788, SUNY_New_Paltz 1789, SUNY_Oneonta 1790, SUNY_Potsdam 1791, SUNY-Cobleskill 1792, SUNY-Delhi 1793, SUNY-ESF 1794, SUNYIT 1795, Susquehanna 1796, Sussex_Co_CC 1797, SW_Adventist 1798, SW_Assemb_God 1799, SW_Baptist 1800, SW_Chr_TX 1801, SW_Christian 1802, SW_Illinois 1803, SW_Minnesota 1804, SW_Mississippi 1805, SW_MO_St-WP 1806, SW_Oklahoma 1807, SW_Oregon_CC 1808, SW_Tennessee 1809, SW_Univ_TX 1810, Swarthmore 1811, Syracuse 1812, Tabor 1813, Tacoma_CC 1814, Talladega 1815, Tallahassee_CC 1816, TAM_C._Christi 1817, Tampa 1818, Tarleton_St 1819, Taylor_IN 1820, TCU 1821, Temple 1822, Temple_Col 1823, Tennessee 1824, Tennessee_St 1825, Tennessee_Tech 1826, Texas 1827, Texas_A&M 1828, Texas_A&M_Intl 1829, Texas_Col 1830, Texas_St 1831, Texas_Tech 1832, The_Master's 1833, Thiel 1834, Thomas_Aquinas 1835, Thomas_GA 1836, Thomas_ME 1837, Thomas_More 1838, Thompson_Riv 1839, Three_Rivers 1840, Tidewater_CC 1841, Tiffin 1842, TN_Martin 1843, TN_Temple 1844, TN_Wesleyan 1845, Toccoa_Falls 1846, Tohono_O'odham 1847, Toledo 1848, Tomball 1849, Tompkins_Cortland 1850, Toronto 1851, Tougaloo 1852, Towson 1853, Transylvania 1854, Treasure_Val_CC 1855, Trevecca_Naz 1856, Trine 1857, Trinidad_St_JC 1858, Trinity_Bap 1859, Trinity_Bib 1860, Trinity_Chr 1861, Trinity_CT 1862, Trinity_FL 1863, Trinity_IL 1864, Trinity_TX 1865, Trinity_Valley_CC 1866, Trinity_Western 1867, Triton_Col 1868, Troy 1869, Truett-McConnell 1870, Truman_Col 1871, Truman_St 1872, Tufts 1873, Tulane 1874, Tulsa 1875, Turtle_Mtn_CC 1876, Tusculum 1877, Tuskegee 1878, TX_A&M_Commerce 1879, TX_A&M_K'ville 1880, TX_Lutheran 1881, TX_Pan_American 1882, TX_Southern 1883, TX_Wesleyan 1884, Tyler_JC 1885, U_New_England 1886, UAB 1887, UC_Davis 1888, UC_Irvine 1889, UC_Merced 1890, UC_Riverside 1891, UC_San_Diego 1892, UC_Santa_Cruz 1893, UCF 1894, UCLA 1895, UConn-AP 1896, ULL 1897, ULM 1898, Ulster_Co 1899, UMBC 1900, Umpqua_CC 1901, UNC_Asheville 1902, UNC_Greensboro 1903, UNC_Wilmington 1904, Union_Co 1905, Union_KY 1906, Union_NE 1907, Union_NY 1908, Union_TN 1909, United_Tribes 1910, Unity 1911, Univ_Lethbridge 1912, Univ_of_Southwest 1913, Univ_Ozarks 1914, Univ_Sciences 1915, UNLV 1916, UPEI 1917, Upper_Iowa 1918, UQAM 1919, Urbana 1920, Ursinus 1921, USC 1922, USC_Salkehatchie 1923, UT_Arlington 1924, UT_Dallas 1925, UT_San_Antonio 1926, UT_Tyler 1927, Utah 1928, Utah_St 1929, Utah_Valley 1930, UTEP 1931, Utica 1932, UVA-Wise 1933, VA_Commonwealth 1934, VA_Wesleyan 1935, VA-Lynchburg 1936, Val_Forge_Mil 1937, Valdosta_St 1938, Valley_City_St 1939, Valley_Forge 1940, Valparaiso 1941, Vance-Granville 1942, Vancouver_Island 1943, Vanderbilt 1944, Vanguard 1945, Vanier 1946, Vassar 1947, Vaughn 1948, Ventura_Col 1949, Vermilion_CC 1950, Vermont 1951, Vermont_Tech 1952, Victor_Valley 1953, Victoria 1954, Villanova 1955, Vincennes 1956, Virginia 1957, Virginia_St 1958, Virginia_Tech 1959, Virginia_Union 1960, Virginia_Western_CC 1961, Viterbo 1962, VMI 1963, Volunteer_St 1964, Voorhees 1965, W_Carolina 1966, W_Coast_Bap 1967, W_Connecticut 1968, W_Georgia_Tech 1969, W_Illinois 1970, W_Kentucky 1971, W_Michigan 1972, W_Nebraska_CC 1973, W_New_England 1974, W_New_Mexico 1975, W_Oklahoma_St 1976, W_Oregon 1977, W_Salem_St 1978, W_Texas_A&M 1979, W_Washington 1980, W_Wyoming_CC 1981, Wabash 1982, Wabash_Val 1983, Wagner 1984, Wake_Forest 1985, Wake_Tech 1986, Waldorf 1987, Walla_Walla 1988, Walla_Walla_CC 1989, Wallace_CC-Selma 1990, Wallace_St 1991, Walsh 1992, Walters_St 1993, Warner 1994, Warner_Pacific 1995, Warren_Wilson 1996, Wartburg 1997, Wash_&_Jeff 1998, Wash_&_Lee 1999, Washburn 2000, Washington 2001, Washington_Advt 2002, Washington_MD 2003, Washington_MO 2004, Washington_St 2005, Waterloo 2006, Waubonsee_CC 2007, Wayland 2008, Wayne_Co 2009, Wayne_St_MI 2010, Wayne_St_NE 2011, Waynesburg 2012, Weatherford 2013, Webb_Inst 2014, Webber 2015, Weber_St 2016, Webster_Univ 2017, Welch 2018, Wells 2019, Wenatchee_Val_CC 2020, Wentworth_Mil 2021, Wentworth_Tech 2022, Wesley_DE 2023, Wesleyan_CT 2024, West_Alabama 2025, West_Chester 2026, West_Florida 2027, West_Georgia 2028, West_Hills 2029, West_LA_Col 2030, West_Liberty 2031, West_Valley_Col 2032, West_Virginia 2033, Western_ON 2034, Western_St_CO 2035, Western_Tech 2036, Western_Texas 2037, Westfield_St 2038, Westminster_MO 2039, Westminster_PA 2040, Westminster_UT 2041, Westmont 2042, Westmoreland_Co 2043, Whatcom_CC 2044, Wheaton_IL 2045, Wheaton_MA 2046, Wheeling_Jesuit 2047, Wheelock 2048, Whitman 2049, Whittier 2050, Whitworth 2051, WI_Eau_Claire 2052, WI_Green_Bay 2053, WI_LaCrosse 2054, WI_Lutheran 2055, WI_Milwaukee 2056, WI_Oshkosh 2057, WI_Parkside 2058, WI_Platteville 2059, WI_River_Falls 2060, WI_Stevens_Pt 2061, WI_Stout 2062, WI_Superior 2063, WI_Whitewater 2064, Wichita_St 2065, Widener 2066, Wilberforce 2067, Wilbur_Wright 2068, Wiley 2069, Wilkes 2070, Willamette 2071, William_&_Mary 2072, William_Penn 2073, Williams 2074, Williams_Bap 2075, Williamson_Tr 2076, Williston_St 2077, Wilmington_DE 2078, Wilmington_OH 2079, Wilson 2080, Windsor 2081, Wingate 2082, Winnipeg 2083, Winnipeg_Col 2084, Winona_St 2085, Winthrop 2086, Wisconsin 2087, Wittenberg 2088, Wm_Carey 2089, Wm_Jessup 2090, Wm_Jewell 2091, Wm_Paterson 2092, Wm_Woods 2093, Wofford 2094, Wooster 2095, Worcester_St 2096, Worcester_Tech 2097, Wright_St 2098, Wright_St-Lake 2099, WV_State 2100, WV_Tech 2101, WV_Wesleyan 2102, WVU_Parkersburg 2103, Wyoming 2104, Wytheville_CC 2105, Xavier 2106, Xavier_LA 2107, Yakima_Val_CC 2108, Yale 2109, Yeshiva 2110, York_NE 2111, York_NY 2112, York_ON 2113, York_PA 2114, Young_Harris 2115, Youngstown_St 2116, Yuba 